product_name,place_name,price_after_sale,price_before_sale,sale_percentage,sold_amount,product_link,product_image,category
Economy Room for 2 guests at Tskhvarichamia,Sabaduri Hills,160.00₾,210.00₾,-24%,Sold 38,https://swoop.ge/en/offers/482503/Economy-Room-for-2-guests-at-Tskhvarichamia/Swoop-Holiday-/Mountain-Resorts/,https://cdn.swoop.ge/ImagesStorage/c50c5cb0-6550-4f2c-a94d-5b4e163fd377.jpeg,Holiday
Room for 2 guests in Svanet,Posta,250.00₾,350.00₾,-29%,Sold 0,https://swoop.ge/en/offers/488161/Room-for-2-guests-in-Svanet/Swoop-Holiday-/Mountain-Resorts/,https://cdn.swoop.ge/ImagesStorage/c107438a-8b2e-41ca-9c48-5934d0dac4ac.png,Holiday
Standard Room for 2 Guests,Golden Tulip Borjomi,199.00₾,270.00₾,-26%,Sold 24,https://swoop.ge/en/offers/505007/Standard-Room-for-2-Guests/Swoop-Holiday-/Mountain-Resorts/,https://cdn.swoop.ge/ImagesStorage/80049bbe-c73e-463f-8243-aed1b0d444d3.png,Holiday
Enjoy a 2-Night Stay in Kakheti for 2 Guests,Chateau Mere,360.00₾,520.00₾,-31%,Sold 19,https://swoop.ge/en/offers/483562/Enjoy-a-2-Night-Stay-in-Kakheti-for-2-Guests-/Swoop-Holiday-/kakheti/,https://cdn.swoop.ge/ImagesStorage/1d5a5f38-53b3-4f88-844f-91d361f2ad6b.jpg,Holiday
Room for 2 guests with breakfast,Borjomi Palace,190.00₾,255.00₾,-25%,Sold 1,https://swoop.ge/en/offers/507280/Room-for-2-guests-with-breakfast/Swoop-Holiday-/Mountain-Resorts/,https://cdn.swoop.ge/ImagesStorage/5f5cfac6-f6c2-4bc2-a4e5-addf2aba71ff.png,Holiday
"Standard room for 2 guests, Sunday to Friday inclusive.",Zuzumbo Resort & Spa,191.00₾,240.00₾,-20%,Sold 23,https://swoop.ge/en/offers/506035/Standard-room-for-2-guests-Sunday-to-Friday-inclusive/Swoop-Holiday-/kakheti/,https://cdn.swoop.ge/ImagesStorage/c8c17a0a-36c7-47c8-87c2-4dbebafe392a.png,Holiday
Standard room for 2 guests in Sighnaghi.,Sighnaghi Glamping,216.00₾,270.00₾,-20%,Sold 17,https://swoop.ge/en/offers/484645/Standard-room-for-2-guests-in-Sighnaghi-/Swoop-Holiday-/kakheti/,https://cdn.swoop.ge/ImagesStorage/67e2bdc4-dccf-4420-a184-39ce47fef517.jpg,Holiday
"Hotel Room for 3 People in Kazbegi, with a View of Gergeti",Memoir Kazbegi,280.00₾,380.00₾,-26%,Sold 1,https://swoop.ge/en/offers/487440/Hotel-Room-for-3-People-in-Kazbegi-with-a-View-of-Gergeti-/Swoop-Holiday-/Mountain-Resorts/,https://cdn.swoop.ge/ImagesStorage/ab2bfd94-3aef-41bf-b642-fbf19fab1dbe.jpeg,Holiday
Cottage for 2 guests with breakfast,Chateau Kiramala Lagodekhi,160.00₾,200.00₾,-20%,Sold 0,https://swoop.ge/en/offers/493677/Cottage-for-2-guests-with-breakfast/Swoop-Holiday-/kakheti/,https://cdn.swoop.ge/ImagesStorage/80800a88-fde3-443b-8c70-3da23050d6f4.png,Holiday
Hotel room with a view of the Jvari cathedral for 2 guests in Mtskheta.,River Front Mtskheta,120.00₾,180.00₾,-33%,Sold 4,https://swoop.ge/en/offers/484665/Hotel-room-with-a-view-of-the-Jvari-cathedral-for-2-guests-in-Mtskheta-/Swoop-Holiday-/Tbilisi-and-Surroundings/,https://cdn.swoop.ge/ImagesStorage/79cf2127-f800-4a82-b770-36a00acef020.jpeg,Holiday
Cottage for 2 guests in Kvareli.,Panorama Shilda,110.00₾,150.00₾,-27%,Sold 3,https://swoop.ge/en/offers/483811/Cottage-for-2-guests-in-Kvareli-/Swoop-Holiday-/kakheti/,https://cdn.swoop.ge/ImagesStorage/2561b124-edc3-4b78-9327-30b5162c51e8.png,Holiday
Cottage for 4 people in Kvareli,Panorama Shilda,160.00₾,250.00₾,-36%,Sold 2,https://swoop.ge/en/offers/483812/Cottage-for-4-people-in-Kvareli-/Swoop-Holiday-/kakheti/,https://cdn.swoop.ge/ImagesStorage/ae0ddd33-7970-4bee-951a-2684d7ea28b2.jpeg,Holiday
Hotel Rooms in Kakheti,Chateau Bruale,80.00₾,120.00₾,-33%,Sold 160,https://swoop.ge/en/offers/304228/Hotel-Rooms-in-Kakheti-/Swoop-Holiday-/kakheti/,https://cdn.swoop.ge/ImagesStorage/be681336-7788-46b6-b28f-6f03fcbb8787.jpg,Holiday
Standard Room for 2 Guests,Rustaveli Palace Tbilisi,100.00₾,160.00₾,-38%,Sold 34,https://swoop.ge/en/offers/401563/Standard-Room-for-2-Guests-/Swoop-Holiday-/Tbilisi-and-Surroundings/,https://cdn.swoop.ge/ImagesStorage/0d3c086f-ffb1-4b42-87d6-4c8880c11044.jpg,Holiday
Deluxe Room for 2 Guests in Kazbegi,Hotel Geni Kazbegi,90.00₾,120.00₾,-25%,Sold 0,https://swoop.ge/en/offers/492769/Deluxe-Room-for-2-Guests-in-Kazbegi/Swoop-Holiday-/Mountain-Resorts/,https://cdn.swoop.ge/ImagesStorage/04ab3ed7-a9ae-4928-a89d-838bbc61f059.jpg,Holiday
2 Guest Weekend Getaway at Khashmi,Hotel Mtevino,135.00₾,170.00₾,-21%,Sold 10,https://swoop.ge/en/offers/482589/2-Guest-Weekend-Getaway-at-Khashmi/Swoop-Holiday-/kakheti/,https://cdn.swoop.ge/ImagesStorage/c61472bb-57a5-4147-a26d-fa666da0294f.jpeg,Holiday
Cottage for 2 guests in Svaneti,Lemi Cottages In Svaneti,60.00₾,90.00₾,-33%,Sold 32,https://swoop.ge/en/offers/484834/Cottage-for-2-guests-in-Svaneti-/Swoop-Holiday-/Mountain-Resorts/,https://cdn.swoop.ge/ImagesStorage/6ef50930-0c4d-44af-8369-92fde1865bb8.png,Holiday
Cottage for 4 guests in Kazbegi,Kazbegi Compas,140.00₾,250.00₾,-44%,Sold 0,https://swoop.ge/en/offers/491087/Cottage-for-4-guests-in-Kazbegi/Swoop-Holiday-/Mountain-Resorts/,https://cdn.swoop.ge/ImagesStorage/986eb0c1-2cb4-41e5-a981-cc27f5a6acab.jpg,Holiday
Standard or Luxury Room for 2 Guests,Hotel Agava,90.00₾,120.00₾,-25%,Sold 37,https://swoop.ge/en/offers/446720/Standard-or-Luxury-Room-for-2-Guests-/Swoop-Holiday-/Tbilisi-and-Surroundings/,https://cdn.swoop.ge/ImagesStorage/fccb7ae6-a4e7-4b86-b6cb-e1cf22c72b3c.png,Holiday
Wooden Cottage for 2 Guests in Mtskheta,Cottage Oasis Mtskheta,70.00₾,120.00₾,-42%,Sold 0,https://swoop.ge/en/offers/507299/Wooden-Cottage-for-2-Guests-in-Mtskheta/Swoop-Holiday-/Tbilisi-and-Surroundings/,https://cdn.swoop.ge/ImagesStorage/bdc61052-18e1-43f4-9d5f-8436407c99a7.png,Holiday
Room for 2 guests in Kakheti,Boutique Hotel Talaveri,150.00₾,270.00₾,-44%,Sold 0,https://swoop.ge/en/offers/507298/Room-for-2-guests-in-Kakheti/Swoop-Holiday-/kakheti/,https://cdn.swoop.ge/ImagesStorage/52dbbbc0-282d-4157-9ef7-a26dbedeba8b.png,Holiday
Room for 4 guests in Telavi,Boutique Hotel Talaveri,240.00₾,360.00₾,-33%,Sold 0,https://swoop.ge/en/offers/507297/Room-for-4-guests-in-Telavi/Swoop-Holiday-/kakheti/,https://cdn.swoop.ge/ImagesStorage/48b5f944-b928-4db1-bd50-b8c943e70726.jpg,Holiday
Room for 3 guests in Telavi,Boutique Hotel Talaveri,180.00₾,245.00₾,-27%,Sold 0,https://swoop.ge/en/offers/507296/Room-for-3-guests-in-Telavi/Swoop-Holiday-/kakheti/,https://cdn.swoop.ge/ImagesStorage/4fdb0e04-2dfb-49a1-b5f0-be6a6c5412ee.png,Holiday
Apartment for 2+1 guests,Orbi City A Block,70.00₾,120.00₾,-42%,Sold 0,https://swoop.ge/en/offers/507289/Apartment-for-21-guests/Swoop-Holiday-/Seaside-Hotels/,https://cdn.swoop.ge/ImagesStorage/4b7a1932-a43b-48a6-bf18-ba2a124d98d6.png,Holiday
Menu for 15 People,UNIQUE TERRACE & LOUNGE,485.00₾,880.00₾,-45%,Sold 90,https://swoop.ge/en/offers/447845/Menu-for-15-People-/Entertainment/Lounge/,https://cdn.swoop.ge/ImagesStorage/6406be4f-f093-4742-9b30-8d8f7d3cf229.jpg,Entertainment
Menu for 20 Guests,Karaoke Bar Check In,470.00₾,630.00₾,-25%,Sold 31,https://swoop.ge/en/offers/495824/Menu-for-20-Guests-/Entertainment/Karaoke/,https://cdn.swoop.ge/ImagesStorage/aa832edd-c927-4a96-aad3-aeb7d3b5c699.jpg,Entertainment
Menu for 10 guests,Bamboo,365.00₾,520.00₾,-30%,Sold 144,https://swoop.ge/en/offers/477784/Menu-for-10-guests-/Entertainment/Karaoke/,https://cdn.swoop.ge/ImagesStorage/d7939214-2ed7-49c9-ae65-c62860d77e61.png,Entertainment
Menu for 12-15 guests,LIVA Lounge,490.00₾,828.00₾,-41%,Sold 16,https://swoop.ge/en/offers/498211/Menu-for-12-15-guests/Entertainment/Lounge/,https://cdn.swoop.ge/ImagesStorage/30c4861a-daaf-482d-8f6c-9037fdc03db5.png,Entertainment
Menu for 5 Guests,JandaBar,145.00₾,240.00₾,-40%,Sold 33,https://swoop.ge/en/offers/448818/Menu-for-5-Guests-/Entertainment/Karaoke/,https://cdn.swoop.ge/ImagesStorage/783908d6-9f32-4187-9e15-4d8871f2e1d5.png,Entertainment
Offer for 5-10 people,NEW OSCAR,350.00₾,582.00₾,-40%,Sold 2,https://swoop.ge/en/offers/502788/Offer-for-5-10-people/Entertainment/Karaoke/,https://cdn.swoop.ge/ImagesStorage/886b96db-ded2-40e8-a124-65c01269ea6e.png,Entertainment
Menu for 8 Guests,Karaoke Iris Veranda,133.00₾,210.00₾,-37%,Sold 347,https://swoop.ge/en/offers/242410/Menu-for-8-Guests-/Entertainment/Karaoke/,https://cdn.swoop.ge/ImagesStorage/d88ef1ba-f12a-4f22-9ec2-b83630bb9a35.jpg,Entertainment
Menu for 2-4 people,Basement,100.00₾,186.00₾,-46%,Sold 17,https://swoop.ge/en/offers/484689/Menu-for-2-4-people-/Entertainment/Nightclub/,https://cdn.swoop.ge/ImagesStorage/f146e52c-3866-42b3-9322-56dd179972e6.png,Entertainment
Menu for 15-20 guests,BAR 28,595.00₾,850.00₾,-30%,Sold 13,https://swoop.ge/en/offers/478708/Menu-for-15-20-guests-/Entertainment/Karaoke/,https://cdn.swoop.ge/ImagesStorage/3b4504ad-76cc-44c9-bb8e-eb46f68ea0df.png,Entertainment
Menu for 25 Underage Guests,JandaBar,610.00₾,817.00₾,-25%,Sold 13,https://swoop.ge/en/offers/460802/Menu-for-25-Underage-Guests/Entertainment/Teenagers-Entertainment/,https://cdn.swoop.ge/ImagesStorage/a07b0f0f-051c-47fd-9fb5-a28321da228a.png,Entertainment
Menu for 15 Guests,Basement,395.00₾,608.00₾,-35%,Sold 66,https://swoop.ge/en/offers/484692/Menu-for-15-Guests-/Entertainment/Nightclub/,https://cdn.swoop.ge/ImagesStorage/c481023b-8754-416f-8a52-0d17e8090b79.png,Entertainment
Menu for 16 people,JandaBar,395.00₾,576.00₾,-31%,Sold 38,https://swoop.ge/en/offers/448820/Menu-for-16-people-/Entertainment/Karaoke/,https://cdn.swoop.ge/ImagesStorage/a58e35e6-b56a-411e-8083-8c4d0be3658a.png,Entertainment
Menu for 20 Guests,Panorama Rikeze,1247.00₾,1808.00₾,-31%,Sold 18,https://swoop.ge/en/offers/443888/Menu-for-20-Guests/Food-and-Drink/Cafe-Bar/,https://cdn.swoop.ge/ImagesStorage/22afed7f-aac9-4f3d-a39c-852ac963b8c4.png,Entertainment
Menu for 12 people,Bamboo,455.00₾,640.00₾,-29%,Sold 1183,https://swoop.ge/en/offers/303731/Menu-for-12-people/Entertainment/Lounge/,https://cdn.swoop.ge/ImagesStorage/7fbaab8e-e00a-47b8-87c4-34ce204def25.png,Entertainment
Menu for 14-16 Guests,Karaoke Bar Diamond,379.00₾,626.00₾,-39%,Sold 3,https://swoop.ge/en/offers/493703/Menu-for-14-16-Guests-/Entertainment/Karaoke/,https://cdn.swoop.ge/ImagesStorage/08f11438-2a1f-4dbc-8e0c-c3b32151ed7a.png,Entertainment
Menu for 12 people,Karaoke Bar Diamond,275.00₾,405.00₾,-32%,Sold 13,https://swoop.ge/en/offers/493700/Menu-for-12-people-/Entertainment/Karaoke/,https://cdn.swoop.ge/ImagesStorage/5ec143a7-f29d-4d2d-ba94-19540425eaad.png,Entertainment
Mafia Night VIP Package,,700.00₾,880.00₾,-20%,Sold 0,https://swoop.ge/en/offers/487451/Mafia-Night-VIP-Package/Entertainment/Game-Zone/,https://cdn.swoop.ge/ImagesStorage/36f45753-98a5-4744-8e8e-0cb315e5868e.jpg,Entertainment
Mafia Night Game 1,Oligarch mafia,176.00₾,220.00₾,-20%,Sold 0,https://swoop.ge/en/offers/487394/Mafia-Night-Game-1/Entertainment/Game-Zone/,https://cdn.swoop.ge/ImagesStorage/977db811-2263-4049-8e68-4dacffe4e5d8.jpg,Entertainment
Menu for 30 Guests,Panorama Rikeze,2275.00₾,3297.00₾,-31%,Sold 0,https://swoop.ge/en/offers/443889/Menu-for-30-Guests/Food-and-Drink/Cafe-Bar/,https://cdn.swoop.ge/ImagesStorage/5b2a6f54-0ffd-4f23-aece-1796f24ffabc.png,Entertainment
Menu for 20 guests,Monogram Pab Karaoke,450.00₾,621.00₾,-28%,Sold 0,https://swoop.ge/en/offers/507276/Menu-for-20-guests/Entertainment/Karaoke/,https://cdn.swoop.ge/ImagesStorage/293ee14b-d12e-454b-8f78-639b71b63087.png,Entertainment
Menu for 15 guests,Monogram Pab Karaoke,435.00₾,576.00₾,-24%,Sold 0,https://swoop.ge/en/offers/507275/Menu-for-15-guests/Entertainment/Karaoke/,https://cdn.swoop.ge/ImagesStorage/73e2827e-d923-4ed3-bec0-4667abd2d9ff.png,Entertainment
Menu for 10 Guests,Monogram Pab Karaoke,280.00₾,402.00₾,-30%,Sold 0,https://swoop.ge/en/offers/507251/Menu-for-10-Guests/Entertainment/Karaoke/,https://cdn.swoop.ge/ImagesStorage/63a9dc18-54ec-4db1-b469-87bec8436344.png,Entertainment
Menu for 20 guests,Monogram Pab Karaoke,480.00₾,676.00₾,-29%,Sold 7,https://swoop.ge/en/offers/507255/Menu-for-20-guests-/Entertainment/Karaoke/,https://cdn.swoop.ge/ImagesStorage/a3b64ff1-3c98-412b-9a6b-2c921ff0bb83.png,Entertainment
Kids' Menu Discount for 15 Guests,Monogram Pab Karaoke,360.00₾,511.00₾,-30%,Sold 10,https://swoop.ge/en/offers/507254/Kids-Menu-Discount-for-15-Guests/Entertainment/Karaoke/,https://cdn.swoop.ge/ImagesStorage/738f362e-dfd9-4b63-becf-4c8a48b86854.png,Entertainment
Signature dish menu for 25 guests,Restaurant Marabeli,545.00₾,1090.00₾,-50%,Sold 154,https://swoop.ge/en/offers/507273/Signature-dish-menu-for-25-guests/Food-and-Drink/Restaurant/,https://cdn.swoop.ge/ImagesStorage/b2db2b42-590a-4c7f-8e4c-469faad97bd7.jpg,Eat & Drinks 
3 Menu Options for 10-12 People,Restaurant Khvanchkara,300.00₾,500.00₾,-40%,Sold 84,https://swoop.ge/en/offers/477607/3-Menu-Options-for-10-12-People/Food-and-Drink/Restaurant/,https://cdn.swoop.ge/ImagesStorage/5eb9760a-1bee-40d0-bd37-d536536e7e85.jpg,Eat & Drinks 
Menu for 10 Guests,Restaurant Iberia,314.00₾,454.00₾,-31%,Sold 37,https://swoop.ge/en/offers/477765/Menu-for-10-Guests/Food-and-Drink/Restaurant/,https://cdn.swoop.ge/ImagesStorage/ae86c76c-ef0f-4d95-a5c6-07d134b042e1.jpg,Eat & Drinks 
Menu for 10 Guests,Monopoli,460.00₾,793.00₾,-42%,Sold 15,https://swoop.ge/en/offers/476563/Menu-for-10-Guests/Food-and-Drink/Restaurant/,https://cdn.swoop.ge/ImagesStorage/5142e810-2f65-4834-b3b3-9a8a6f01b1ca.png,Eat & Drinks 
Menu for 15 people.,Restaurant Gagra,295.00₾,460.00₾,-36%,Sold 344,https://swoop.ge/en/offers/430805/Menu-for-15-people-/Food-and-Drink/Restaurant/,https://cdn.swoop.ge/ImagesStorage/7215fd82-2f8c-4344-8fc0-d6a8ef127029.png,Eat & Drinks 
Menu for 20 Guests,Panorama Rikeze,1247.00₾,1808.00₾,-31%,Sold 18,https://swoop.ge/en/offers/443888/Menu-for-20-Guests/Food-and-Drink/Cafe-Bar/,https://cdn.swoop.ge/ImagesStorage/22afed7f-aac9-4f3d-a39c-852ac963b8c4.png,Eat & Drinks 
Menu for 10+2 Guests,Restaurant Batoni,195.00₾,385.00₾,-49%,Sold 35,https://swoop.ge/en/offers/450811/Menu-for-102-Guests/Food-and-Drink/Restaurant/,https://cdn.swoop.ge/ImagesStorage/69578df3-236d-4159-be4f-4735d2775a3b.png,Eat & Drinks 
Sushi Menu for 5-6 People,Oishi Sushi,79.00₾,139.00₾,-43%,Sold 968,https://swoop.ge/en/offers/337157/Sushi-Menu-for-5-6-People-/Food-and-Drink/Asian-Cuisine/,https://cdn.swoop.ge/ImagesStorage/9f8c442e-9f38-4cdf-a634-1ffd6062dfdb.png,Eat & Drinks 
Chicken Noodle Menu for 2 guests.,Jackie Chan Tbilisi,27.00₾,41.00₾,-34%,Sold 193,https://swoop.ge/en/offers/494767/Chicken-Noodle-Menu-for-2-guests-/Food-and-Drink/Asian-Cuisine/,https://cdn.swoop.ge/ImagesStorage/fe10ab35-8e15-43d8-b08e-eecc70501688.jpg,Eat & Drinks 
Menu for 6 Guests,PUB Georgian,120.00₾,198.00₾,-39%,Sold 111,https://swoop.ge/en/offers/446816/Menu-for-6-Guests/Food-and-Drink/Pub/,https://cdn.swoop.ge/ImagesStorage/a7e9d774-ef82-4a12-970c-bb88ac38901e.jpg,Eat & Drinks 
Roasted chicken with sweet chili sauce,Anso sushi,10.00₾,17.00₾,-41%,Sold 83,https://swoop.ge/en/offers/446736/Roasted-chicken-with-sweet-chili-sauce/Food-and-Drink/Asian-Cuisine/,https://cdn.swoop.ge/ImagesStorage/f6456910-55d4-4812-ab77-a66a8206ae88.png,Eat & Drinks 
Menu for 15 Guests,Restaurant Sabatoni,460.00₾,876.00₾,-47%,Sold 232,https://swoop.ge/en/offers/348032/Menu-for-15-Guests/Food-and-Drink/Restaurant/,https://cdn.swoop.ge/ImagesStorage/4d9dde50-b520-4e1e-8b6c-3416e6a6b053.jpg,Eat & Drinks 
Menu for 25 Guests,Restaurant Sabatoni,754.00₾,1760.00₾,-57%,Sold 464,https://swoop.ge/en/offers/238170/Menu-for-25-Guests/Food-and-Drink/Restaurant/,https://cdn.swoop.ge/ImagesStorage/7bc4a098-719e-4139-85a4-a96f434cde40.jpg,Eat & Drinks 
Menu for 6 Guests,Restaurant Alaverdi,99.00₾,252.00₾,-61%,Sold 33,https://swoop.ge/en/offers/305069/Menu-for-6-Guests/Food-and-Drink/Restaurant/,https://cdn.swoop.ge/ImagesStorage/9099a4a0-e1e2-4c71-8aaa-1e699cacac3f.jpg,Eat & Drinks 
Menu for 60 Guests,Restaurant Alaverdi,1892.00₾,3878.00₾,-51%,Sold 1,https://swoop.ge/en/offers/305075/Menu-for-60-Guests/Food-and-Drink/Restaurant/,https://cdn.swoop.ge/ImagesStorage/5ab30c03-f9be-427b-9852-0f543db6dca2.jpg,Eat & Drinks 
67 Pieces - Set for 4-5 Guests.,Oishi Sushi,129.00₾,202.00₾,-36%,Sold 30,https://swoop.ge/en/offers/414495/67-Pieces---Set-for-4-5-Guests-/Food-and-Drink/Asian-Cuisine/,https://cdn.swoop.ge/ImagesStorage/655246ea-b228-4ef4-bfc5-f7e56fea4171.jpg,Eat & Drinks 
Lenten Menu for 12 Guests,Restaurant Alaverdi,177.00₾,438.00₾,-60%,Sold 6,https://swoop.ge/en/offers/305070/Lenten-Menu-for-12-Guests-/Food-and-Drink/Restaurant/,https://cdn.swoop.ge/ImagesStorage/a07641bd-0e17-4039-be0d-57a4901e9414.jpg,Eat & Drinks 
Menu for 18 Guests,Restaurant Alaverdi,288.00₾,707.00₾,-59%,Sold 28,https://swoop.ge/en/offers/305078/Menu-for-18-Guests/Food-and-Drink/Restaurant/,https://cdn.swoop.ge/ImagesStorage/fed24b5b-b9df-46a7-9ddc-11202e0c9238.jpg,Eat & Drinks 
Menu for 30 Guests,Restaurant Alaverdi,585.00₾,1329.00₾,-56%,Sold 18,https://swoop.ge/en/offers/305076/Menu-for-30-Guests/Food-and-Drink/Restaurant/,https://cdn.swoop.ge/ImagesStorage/dce8006e-4479-4e3a-a603-2b0ff2f6653a.png,Eat & Drinks 
Sushi Set for 7-8 People,Oishi Sushi,95.00₾,157.00₾,-39%,Sold 325,https://swoop.ge/en/offers/351808/Sushi-Set-for-7-8-People-/Food-and-Drink/Asian-Cuisine/,https://cdn.swoop.ge/ImagesStorage/965d40ec-a433-4fc3-ba69-ebda22b53e75.png,Eat & Drinks 
Menu for 24 Guests,Restaurant Alaverdi,390.00₾,918.00₾,-58%,Sold 23,https://swoop.ge/en/offers/305077/Menu-for-24-Guests/Food-and-Drink/Restaurant/,https://cdn.swoop.ge/ImagesStorage/715b06ba-383d-452f-873b-fd761f80468a.png,Eat & Drinks 
Lenten Menu for 18 Guests,Restaurant Alaverdi,274.00₾,664.00₾,-59%,Sold 0,https://swoop.ge/en/offers/305074/Lenten-Menu-for-18-Guests/Food-and-Drink/Restaurant/,https://cdn.swoop.ge/ImagesStorage/66bc0ecb-d422-4dda-a7c3-70048af5f51d.png,Eat & Drinks 
Menu for 50 guests,Restaurant Marabeli,1920.00₾,3840.00₾,-50%,Sold 38,https://swoop.ge/en/offers/241700/Menu-for-50-guests/Food-and-Drink/Restaurant/,https://cdn.swoop.ge/ImagesStorage/134bc136-f091-45f2-8f60-932951af8aa4.jpg,Eat & Drinks 
Wedding Menu for 120 People.,Restaurant Marabeli,5700.00₾,10200.00₾,-44%,Sold 3,https://swoop.ge/en/offers/351969/Wedding-Menu-for-120-People-/Food-and-Drink/Restaurant/,https://cdn.swoop.ge/ImagesStorage/9236921a-d48e-427f-b9db-53c16f65712f.jpg,Eat & Drinks 
Birthday program for 20 children,Lazerland,950.00₾,1480.00₾,-36%,Sold 151,https://swoop.ge/en/offers/478712/Birthday-program-for-20-children-/Kids-Land/Children-Entertainment-Center/,https://cdn.swoop.ge/ImagesStorage/7eff35ae-c97f-4373-9489-505a109c80e3.jpg,Kids Land
Birthday party,MAGIC LAND,315.00₾,590.00₾,-47%,Sold 0,https://swoop.ge/en/offers/485679/Birthday-party/Entertainment/,https://cdn.swoop.ge/ImagesStorage/9c749f42-81d7-483c-9442-517a324b0e6e.png,Kids Land
Birthday Program for 10/15/20/25/30/35 Children,Dejavino,390.00₾,780.00₾,-50%,Sold 448,https://swoop.ge/en/offers/447901/Birthday-Program-for-101520253035-Children-/Kids-Land/Children-Entertainment-Center/,https://cdn.swoop.ge/ImagesStorage/1113ba89-8b7a-4785-8d06-85e982ac07d0.jpg,Kids Land
Birthday Party,Umpa-Lumpa,390.00₾,780.00₾,-50%,Sold 186,https://swoop.ge/en/offers/478676/Birthday-Party-/Kids-Land/Children-Entertainment-Center/,https://cdn.swoop.ge/ImagesStorage/b50dc9e3-7ac5-4368-b731-d9d6c85a3328.png,Kids Land
Birthday Program for 25 Children,Happy City,460.00₾,920.00₾,-50%,Sold 0,https://swoop.ge/en/offers/465610/Birthday-Program-for-25-Children/Kids-Land/Children-Entertainment-Center/,https://cdn.swoop.ge/ImagesStorage/46cef48d-3dff-4b1a-84d0-32b9380430d5.png,Kids Land
"Birthday party for 10, 15, 20, 25, 30 children + the birthday boy/girl",MAGIC LAND,295.00₾,590.00₾,-50%,Sold 26,https://swoop.ge/en/offers/477635/Birthday-party-for-10-15-20-25-30-children--the-birthday-boygirl/Kids-Land/Children-Entertainment-Center/,https://cdn.swoop.ge/ImagesStorage/b9724fbc-471c-4b00-a0b9-0ad1895a927f.png,Kids Land
Birthday Program:  10/15/20/25/30 Children,Wonderground,470.00₾,940.00₾,-50%,Sold 33,https://swoop.ge/en/offers/471420/Birthday-Program--1015202530-Children/Kids-Land/Children-Entertainment-Center/,https://cdn.swoop.ge/ImagesStorage/57262424-7c3e-4960-96ea-356eb23239da.png,Kids Land
Celebrate your birthday at Shoot 360 with 12 children.,Shoot 360 Tbilisi,936.00₾,1170.00₾,-20%,Sold 0,https://swoop.ge/en/offers/504989/Celebrate-your-birthday-at-Shoot-360-with-12-children/Kids-Land/Children-Entertainment-Center/,https://cdn.swoop.ge/ImagesStorage/09cd353e-a261-4a17-bd15-1dcd00f79c6a.png,Kids Land
Birthday Program 10/15/20/25/30 per child,Like Tsereteli,450.00₾,800.00₾,-44%,Sold 135,https://swoop.ge/en/offers/476699/Birthday-Program-1015202530-per-child-/Kids-Land/Children-Entertainment-Center/,https://cdn.swoop.ge/ImagesStorage/9cd70cca-6ac6-4a08-84d2-5dcf7272f7f5.png,Kids Land
15+1 for a birthday child,Sky,450.00₾,900.00₾,-50%,Sold 478,https://swoop.ge/en/offers/305032/151-for-a-birthday-child/Kids-Land/Children-Entertainment-Center/,https://cdn.swoop.ge/ImagesStorage/01851cea-856a-44c1-9102-3a77ea386d65.jpg,Kids Land
Birthday party for 15+1 kids,Candy Kids,385.00₾,550.00₾,-30%,Sold 9,https://swoop.ge/en/offers/487913/Birthday-party-for-151-kids-/Kids-Land/Children-Entertainment-Center/,https://cdn.swoop.ge/ImagesStorage/20843fd2-b182-44aa-be33-e6bb7a4a2cb3.png,Kids Land
Birthday Program for 15 Children,Happy City,350.00₾,700.00₾,-50%,Sold 5,https://swoop.ge/en/offers/447959/Birthday-Program-for-15-Children/Kids-Land/Children-Entertainment-Center/,https://cdn.swoop.ge/ImagesStorage/2d0efef3-70fe-4525-a702-96dc36f4528d.png,Kids Land
Birthday Program 10/15/20/25/30 per child,Like Saburtalo,450.00₾,800.00₾,-44%,Sold 201,https://swoop.ge/en/offers/476710/Birthday-Program-1015202530-per-child-/Kids-Land/Children-Entertainment-Center/,https://cdn.swoop.ge/ImagesStorage/ceea7897-1faa-4d59-b97f-d3aac799555b.png,Kids Land
Birthday Party,Joyful,300.00₾,600.00₾,-50%,Sold 80,https://swoop.ge/en/offers/448791/Birthday-Party/Kids-Land/Children-Entertainment-Center/,https://cdn.swoop.ge/ImagesStorage/79890a46-b348-48b8-9117-9a08c3f51d0f.png,Kids Land
Book a Hero character and Show Program,Happy Day,70.00₾,140.00₾,-50%,Sold 645,https://swoop.ge/en/offers/303359/Book-a-Hero-character-and-Show-Program/Kids-Land/Calling-Heroes/,https://cdn.swoop.ge/ImagesStorage/6e3ea4a0-6681-4de9-bf18-7a61f8a88ee0.jpg,Kids Land
Entertainment Program for 1 Child,Like Saburtalo,10.00₾,20.00₾,-50%,Sold 225,https://swoop.ge/en/offers/448876/Entertainment-Program-for-1-Child-/Kids-Land/Children-Entertainment-Center/,https://cdn.swoop.ge/ImagesStorage/ccda958a-a366-4608-95ca-5f37b27865aa.png,Kids Land
Photo session in the studio,VPiArtStudio,60.00₾,100.00₾,-40%,Sold 60,https://swoop.ge/en/offers/339636/Photo-session-in-the-studio/Kids-Land/PhotoVideo-Studio/,https://cdn.swoop.ge/ImagesStorage/ccd13b56-0803-46b5-b690-e71c1fae5c73.jpg,Kids Land
Photoshoot,B Studio,45.00₾,100.00₾,-55%,Sold 151,https://swoop.ge/en/offers/287689/Photoshoot-/Kids-Land/PhotoVideo-Studio/,https://cdn.swoop.ge/ImagesStorage/00b38f2e-b0d8-4278-8308-495b1377923f.jpg,Kids Land
Birthday Program for 15 Children,Diamond - children's entertainment center,350.00₾,600.00₾,-42%,Sold 47,https://swoop.ge/en/offers/384937/Birthday-Program-for-15-Children/Kids-Land/Children-Entertainment-Center/,https://cdn.swoop.ge/ImagesStorage/bd40faf0-9d9c-4ac8-9911-337fa089c8e7.png,Kids Land
Book a Hero character and 2-hour Show,Happy Day,170.00₾,220.00₾,-23%,Sold 13,https://swoop.ge/en/offers/376644/Book-a-Hero-character-and-2-hour-Show/Kids-Land/Calling-Heroes/,https://cdn.swoop.ge/ImagesStorage/9a104859-8f3a-45a9-b5cc-e81ac8715ec3.jpg,Kids Land
Birthday Program: 15 Children + 1 Birthday Person,Happy Land (Marjanishvili branch),410.00₾,750.00₾,-45%,Sold 27,https://swoop.ge/en/offers/477683/Birthday-Program-15-Children--1-Birthday-Person/Kids-Land/Children-Entertainment-Center/,https://cdn.swoop.ge/ImagesStorage/8f61b2d7-b120-47ea-978a-de5d62fe6bb9.png,Kids Land
Photoshoot for 3 people,Studio MinimalAura Photo,90.00₾,200.00₾,-55%,Sold 5,https://swoop.ge/en/offers/476687/Photoshoot-for-3-people-/Kids-Land/PhotoVideo-Studio/,https://cdn.swoop.ge/ImagesStorage/2c04d893-ac95-420b-bd3c-0160978d35af.jpg,Kids Land
Excursion Package including Games - Oinebi,Oinebi,200.00₾,300.00₾,-33%,Sold 0,https://swoop.ge/en/offers/379366/Excursion-Package-including-Games---Oinebi/Kids-Land/Children-Entertainment-Center/,https://cdn.swoop.ge/ImagesStorage/37fbf021-77d9-4b4e-b215-0f518b33d7a4.jpg,Kids Land
"Entertainment, Sports Programs & Games",Happy Day,109.00₾,200.00₾,-45%,Sold 3,https://swoop.ge/en/offers/452913/Entertainment-Sports-Programs--Games/Kids-Land/Calling-Heroes/,https://cdn.swoop.ge/ImagesStorage/fdbc798f-cbbb-48cc-91ff-a66c42e229ac.png,Kids Land
Karting Race,Astra Park,25.00₾,30.00₾,-17%,Sold 5219,https://swoop.ge/en/offers/315603/Karting-Race-/Sports/Karting-/,https://cdn.swoop.ge/ImagesStorage/0e2fa3d6-e8ca-4b8e-8fb8-3ee9c0934ec4.jpg,Sport
Karting Race,Karting Lilo,30.00₾,35.00₾,-14%,Sold 419,https://swoop.ge/en/offers/408836/Karting-Race-/Sports/Karting-/,https://cdn.swoop.ge/ImagesStorage/74c79f6f-22ba-4836-87c3-3aee35eba675.jpg,Sport
Single visit for 2 players,Shoot 360 Tbilisi,20.00₾,40.00₾,-50%,Sold 1,https://swoop.ge/en/offers/507270/Single-visit-for-2-players/Sports/Basketball-Court/,https://cdn.swoop.ge/ImagesStorage/4e170ec5-b2c9-4c6e-a6cb-42b0fc37faa3.png,Sport
Your desired number of workouts at Shoot 360.,Shoot 360 Tbilisi,80.00₾,100.00₾,-20%,Sold 0,https://swoop.ge/en/offers/507269/Your-desired-number-of-workouts-at-Shoot-360/Sports/Basketball-Court/,https://cdn.swoop.ge/ImagesStorage/b9ab5b7b-cb9a-4e3e-83f6-d1528a53e4a0.png,Sport
One-hour badminton court for 2 or 4 players.,Badminton Courts,30.00₾,60.00₾,-50%,Sold 2,https://swoop.ge/en/offers/499426/One-hour-badminton-court-for-2-or-4-players/Sports/,https://cdn.swoop.ge/ImagesStorage/efa5b1fd-fc04-465d-822a-8a08a539f5d8.png,Sport
12 Aqua Aerobics Visits Morning & Evening Groups,Gldani Sports Complex,96.00₾,120.00₾,-20%,Sold 5,https://swoop.ge/en/offers/502761/12-Aqua-Aerobics-Visits-Morning--Evening-Groups/Sports/Aerobics/,https://cdn.swoop.ge/ImagesStorage/f643bb0b-67bd-402e-9265-6ce2621a7126.png,Sport
One-month unlimited fitness membership,Gldani Sports Complex,64.00₾,80.00₾,-20%,Sold 3,https://swoop.ge/en/offers/501728/One-month-unlimited-fitness-membership/Sports/Fitness/,https://cdn.swoop.ge/ImagesStorage/c7671f1a-f8cf-4040-8c32-d41e466443e1.png,Sport
Unlimited Package: Pool + Fitness + Sauna,Gldani Sports Complex,168.00₾,210.00₾,-20%,Sold 1,https://swoop.ge/en/offers/501727/Unlimited-Package-Pool--Fitness--Sauna/Sports/Swimming-pool/,https://cdn.swoop.ge/ImagesStorage/833981a7-407d-429b-b8a8-b7ee48d54039.png,Sport
One-month unlimited pool pass/membership,Gldani Sports Complex,128.00₾,160.00₾,-20%,Sold 2,https://swoop.ge/en/offers/501729/One-month-unlimited-pool-passmembership/Sports/Swimming-pool/,https://cdn.swoop.ge/ImagesStorage/affb90ea-3b67-497b-bbea-3ebce213b5b7.png,Sport
One-month boxing subscription,,70.00₾,110.00₾,-36%,Sold 0,https://swoop.ge/en/offers/504986/One-month-boxing-subscription/Sports/Sports-hall-rental/,https://cdn.swoop.ge/ImagesStorage/613411a2-a188-4b11-89f9-ad642b37533a.png,Sport
One-month aerobics subscription,,50.00₾,80.00₾,-38%,Sold 0,https://swoop.ge/en/offers/504985/One-month-aerobics-subscription/Sports/Aerobics/,https://cdn.swoop.ge/ImagesStorage/df06360f-fe56-48d8-a7cd-6c775628afa0.png,Sport
Open Padel Court for 1 Hour,Open Padel Courts,60.00₾,80.00₾,-25%,Sold 94,https://swoop.ge/en/offers/502889/Open-Padel-Court-for-1-Hour/Sports/Padel/,https://cdn.swoop.ge/ImagesStorage/dff6ac26-04a6-4bd8-9033-79210ff4785d.jpeg,Sport
Unlimited Subscription + Instructor,,55.00₾,80.00₾,-31%,Sold 78,https://swoop.ge/en/offers/502888/Unlimited-Subscription--Instructor/Sports/Sports-hall-rental/,https://cdn.swoop.ge/ImagesStorage/9c6df5d8-7c45-4cc9-b612-47f4645d0022.jpg,Sport
Book a sports field on gamo.ge with a 20% discount.,Gamo,,,-20%,Sold 1,https://swoop.ge/en/offers/502760/Book-a-sports-field-on-gamoge-with-a-20-discount/Sports/Sports-hall-rental/,https://cdn.swoop.ge/ImagesStorage/9b8e84a2-a4ea-436d-9df2-5de10e0d732b.png,Sport
Horseback riding and riding lessons are available from Tuesday to Friday,"Horse Riding Club ""Black Horse""",36.00₾,45.00₾,-20%,Sold 0,https://swoop.ge/en/offers/501685/Horseback-riding-and-riding-lessons-are-available-from-Tuesday-to-Friday/Sports/Horse-Riding/,https://cdn.swoop.ge/ImagesStorage/b745cbdf-52e0-4caf-885f-41ceaf91e6f0.png,Sport
One-month fitness membership for women,DL fitness,65.00₾,90.00₾,-28%,Sold 9,https://swoop.ge/en/offers/500491/One-month-fitness-membership-for-women/Sports/Sports-hall-rental/,https://cdn.swoop.ge/ImagesStorage/2b8fdb9b-5ddf-4bfb-918f-582ecd8ba441.jpg,Sport
Individual Padel Lesson,Easy Padel Tbilisi,320.00₾,400.00₾,-20%,Sold 0,https://swoop.ge/en/offers/497177/Individual-Padel-Lesson/Sports/Padel/,https://cdn.swoop.ge/ImagesStorage/a4ab0e23-2c48-45f0-8c36-57fc6c1b34b2.png,Sport
4-person and 2-person padel court groups,Easy Padel Tbilisi,192.00₾,240.00₾,-20%,Sold 0,https://swoop.ge/en/offers/497175/4-person-and-2-person-padel-court-groups/Sports/Padel/,https://cdn.swoop.ge/ImagesStorage/dc7bba48-74dc-49bf-93df-bd6f3bfd7339.png,Sport
Paddle group lessons,Easy Padel Tbilisi,128.00₾,160.00₾,-20%,Sold 4,https://swoop.ge/en/offers/497173/Paddle-group-lessons/Sports/Padel/,https://cdn.swoop.ge/ImagesStorage/6fc2537a-2316-4f2d-b096-e7860ef5a0dc.png,Sport
Fitness Subscription,World Fitness,70.00₾,110.00₾,-36%,Sold 743,https://swoop.ge/en/offers/493730/Fitness-Subscription/Sports/Sports-hall-rental/,https://cdn.swoop.ge/ImagesStorage/9b94a53f-feb1-4a17-90e1-8962cd062a1e.jpg,Sport
Indoor Pool in Tskneti on Weekends,Kopala Tskneti,39.00₾,50.00₾,-22%,Sold 21,https://swoop.ge/en/offers/491790/Indoor-Pool-in-Tskneti-on-Weekends/Swimming-Pool/Indoor-Swimming-Pool/,https://cdn.swoop.ge/ImagesStorage/f00ef631-b22b-4ab7-92f8-328f9384d881.jpg,Sport
"Indoor pool in Ts'q'nethi, Monday-Friday.",Kopala Tskneti,30.00₾,40.00₾,-25%,Sold 169,https://swoop.ge/en/offers/491789/Indoor-pool-in-Tsqnethi-Monday-Friday/Swimming-Pool/Indoor-Swimming-Pool/,https://cdn.swoop.ge/ImagesStorage/aaef50c5-4086-400e-9855-1c3865ac6a47.jpg,Sport
Regular and group fitness classes,Mandala,112.00₾,140.00₾,-20%,Sold 0,https://swoop.ge/en/offers/485749/Regular-and-group-fitness-classes/Sports/YogaPilatesAerobics/,https://cdn.swoop.ge/ImagesStorage/8970fb87-a20e-4095-b512-17dc0858b2d5.png,Sport
Horseback Riding Tours and Lessons,Palomino Ranch,50.00₾,70.00₾,-29%,Sold 26,https://swoop.ge/en/offers/485675/Horseback-Riding-Tours-and-Lessons/Sports/Horse-Riding/,https://cdn.swoop.ge/ImagesStorage/dfbb21dd-1ce1-41d6-be73-59ebbcf1c752.png,Sport
Diode Laser Hair Removal with the Latest Technology.,Misel on Paliashvili,65.00₾,200.00₾,-68%,Sold 1384,https://swoop.ge/en/offers/490176/Diode-Laser-Hair-Removal-with-the-Latest-Technology/Esthetics/Hair-Removal/,https://cdn.swoop.ge/ImagesStorage/10cc4023-165e-4441-ab96-27092abae08e.png,Esthetics
Face Peel.,Tbilisi Balneological SPA Resort,110.00₾,150.00₾,-27%,Sold 12,https://swoop.ge/en/offers/364242/Face-Peel-/Esthetics/Facial-Care/,https://cdn.swoop.ge/ImagesStorage/8f5d1865-3fb4-46ae-b890-a189f03d89ca.jpg,Esthetics
Full body laser hair removal for women (Alexandrite laser),Aversi Clinic (Rustavi),175.00₾,250.00₾,-30%,Sold 2,https://swoop.ge/en/offers/497197/Full-body-laser-hair-removal-for-women-Alexandrite-laser/Esthetics/Hair-Removal/,https://cdn.swoop.ge/ImagesStorage/1bb3829c-3a45-414c-9f96-9d454b5afb35.png,Esthetics
Laser Hair Removal for Specific Areas,Beauty Palace,65.00₾,120.00₾,-46%,Sold 2,https://swoop.ge/en/offers/471414/Laser-Hair-Removal-for-Specific-Areas-/Esthetics/Hair-Removal/,https://cdn.swoop.ge/ImagesStorage/4971a5c0-d049-4dab-b8e2-7e7a269f9cd1.png,Esthetics
Epilation for women's areas.,MM Clinic,17.00₾,30.00₾,-43%,Sold 19,https://swoop.ge/en/offers/414500/Epilation-for-womens-areas/Esthetics/Hair-Removal/,https://cdn.swoop.ge/ImagesStorage/e4040ff3-d32f-451a-a67d-0468b755986e.png,Esthetics
Manicure and pedicure at the Vake branch.,,14.00₾,20.00₾,-30%,Sold 115,https://swoop.ge/en/offers/416279/Manicure-and-pedicure-at-the-Vake-branch-/Esthetics/Nails/,https://cdn.swoop.ge/ImagesStorage/75005547-babf-4b56-befa-4ede3220386d.jpg,Esthetics
Manicure and Gel Polish,,15.00₾,45.00₾,-67%,Sold 17,https://swoop.ge/en/offers/448902/Manicure-and-Gel-Polish-/Esthetics/Nails/,https://cdn.swoop.ge/ImagesStorage/caef268c-c6da-4755-a139-198a5a890371.png,Esthetics
Unlimited Solarium Subscription,Le Bureau,55.00₾,120.00₾,-54%,Sold 139,https://swoop.ge/en/offers/372331/Unlimited-Solarium-Subscription-/Esthetics/Solarium/,https://cdn.swoop.ge/ImagesStorage/82051a0b-7ed5-4409-881f-0ecfefa00aef.jpg,Esthetics
Diode Laser Hair Removal,Aesthetic Center Mzeana,6.00₾,20.00₾,-70%,Sold 246,https://swoop.ge/en/offers/263878/Diode-Laser-Hair-Removal-/Esthetics/Hair-Removal/,https://cdn.swoop.ge/ImagesStorage/fe6984de-15af-4030-a0de-0f1b81b245c1.jpg,Esthetics
One-month unlimited solarium subscription,Beauty workshop LM,70.00₾,100.00₾,-30%,Sold 1,https://swoop.ge/en/offers/487668/One-month-unlimited-solarium-subscription/Esthetics/Solarium/,https://cdn.swoop.ge/ImagesStorage/2aa933b7-e8fc-4d38-9885-3e480c28e134.png,Esthetics
"Nail Care, Extension, and Gel Polish",,50.00₾,90.00₾,-44%,Sold 7,https://swoop.ge/en/offers/448901/Nail-Care-Extension-and-Gel-Polish-/Esthetics/Nails/,https://cdn.swoop.ge/ImagesStorage/9aca3477-3a0d-4a62-8b0d-bcd7dcf366b1.png,Esthetics
Manicure and Pedicure with Shellac,Nailomania,25.00₾,40.00₾,-38%,Sold 282,https://swoop.ge/en/offers/397729/Manicure-and-Pedicure-with-Shellac-/Esthetics/Nails/,https://cdn.swoop.ge/ImagesStorage/7b93658e-8df3-4414-b6b8-2d8c46f7add1.jpg,Esthetics
"Sports, relaxation, medical, or anti-cellulite massages",Leila Meskhi's Tennis Academy,500.00₾,700.00₾,-29%,Sold 0,https://swoop.ge/en/offers/399692/Sports-relaxation-medical-or-anti-cellulite-massages/Esthetics/Massage/,https://cdn.swoop.ge/ImagesStorage/e0454137-5c4e-41f9-87d8-af512b656b27.jpg,Esthetics
Manicure-Pedicure Procedure,,44.00₾,55.00₾,-20%,Sold 14,https://swoop.ge/en/offers/408058/Manicure-Pedicure-Procedure-/Esthetics/Nails/,https://cdn.swoop.ge/ImagesStorage/db0516de-f9b3-4fb4-a4fc-3b80147b6f7b.png,Esthetics
Facial Deep Cleansing and LED Mask,Beauty Corner Georgia,80.00₾,140.00₾,-43%,Sold 22,https://swoop.ge/en/offers/371387/Facial-Deep-Cleansing-and-LED-Mask/Esthetics/Facial-Care/,https://cdn.swoop.ge/ImagesStorage/5f6edef9-676c-4a83-b657-5abd05912a33.jpg,Esthetics
Get a tan in a solarium,Leila Meskhi's Tennis Academy,20.00₾,30.00₾,-33%,Sold 563,https://swoop.ge/en/offers/225179/Get-a-tan-in-a-solarium/Esthetics/Solarium/,https://cdn.swoop.ge/ImagesStorage/0f215d85-3299-459b-bd4b-e2f22118e62c.jpg,Esthetics
Hair Highlights,Beauty House Ananda,98.00₾,140.00₾,-30%,Sold 3,https://swoop.ge/en/offers/395162/Hair-Highlights/Esthetics/HairBeard/,https://cdn.swoop.ge/ImagesStorage/d18dfd0f-5b4f-4c85-a377-37a0d3674233.jpg,Esthetics
Eyelash Extension.,Misel on Paliashvili,49.00₾,80.00₾,-39%,Sold 45,https://swoop.ge/en/offers/241480/Eyelash-Extension-/Esthetics/EyebrowEyelashes/,https://cdn.swoop.ge/ImagesStorage/034cba75-d37b-4d9b-93b6-89177e633e4d.jpg,Esthetics
"Eyelash and Eyebrow Lamination + Tinting, Botox",,40.00₾,60.00₾,-33%,Sold 9,https://swoop.ge/en/offers/437270/Eyelash-and-Eyebrow-Lamination--Tinting-Botox-/Esthetics/EyebrowEyelashes/,https://cdn.swoop.ge/ImagesStorage/9df01d0c-da8c-42fc-a954-7e8c58b2c3a5.png,Esthetics
Epilation for Women/Men zones.,MM Clinic,8.00₾,15.00₾,-47%,Sold 3,https://swoop.ge/en/offers/414501/Epilation-for-WomenMen-zones/Esthetics/Hair-Removal/,https://cdn.swoop.ge/ImagesStorage/674ab749-fc8b-439a-a7d9-174064981e04.png,Esthetics
Sugar waxing for body hair removal,Misel on Paliashvili,45.00₾,160.00₾,-72%,Sold 82,https://swoop.ge/en/offers/372330/Sugar-waxing-for-body-hair-removal-/Esthetics/Hair-Removal/,https://cdn.swoop.ge/ImagesStorage/b55dbab4-755b-4191-8464-c6d53c4ba3dd.jpg,Esthetics
Pedicure and Shellac,,25.00₾,55.00₾,-55%,Sold 18,https://swoop.ge/en/offers/448903/Pedicure-and-Shellac-/Esthetics/Nails/,https://cdn.swoop.ge/ImagesStorage/43f0ad04-a090-4921-aa37-d39f4a50bbd6.png,Esthetics
Ceramic braces for your smile.,,449.00₾,850.00₾,-47%,Sold 6,https://swoop.ge/en/offers/349168/Ceramic-braces-for-your-smile/Esthetics/Aesthetic-Dentistry/,https://cdn.swoop.ge/ImagesStorage/155d549f-ba35-4e69-9e1a-35eded2d6d4d.jpg,Esthetics
Braces on both jaws,,850.00₾,1410.00₾,-40%,Sold 167,https://swoop.ge/en/offers/226092/Braces-on-both-jaws/Esthetics/Aesthetic-Dentistry/,https://cdn.swoop.ge/ImagesStorage/49187490-2279-4956-96e0-86002798b7fc.jpg,Esthetics
Medical Certificate - Forma 100,Clinic Nita,20.00₾,50.00₾,-60%,Sold 7,https://swoop.ge/en/offers/477644/Medical-Certificate---Forma-100/Healthcare/Clinic/,https://cdn.swoop.ge/ImagesStorage/6c877545-8099-4c31-8517-2df2187c1731.png,Healthcare
Orthodontic Capes for Both Jaws,New Look,100.00₾,200.00₾,-50%,Sold 0,https://swoop.ge/en/offers/506215/Orthodontic-Capes-for-Both-Jaws/Healthcare/Dentist/,https://cdn.swoop.ge/ImagesStorage/2a9a7a8c-2d8f-44e3-abe6-ef322bd0c351.png,Healthcare
Upper and lower jaw whitening caps,New Look,80.00₾,200.00₾,-60%,Sold 0,https://swoop.ge/en/offers/506216/Upper-and-lower-jaw-whitening-caps/Healthcare/Dentist/,https://cdn.swoop.ge/ImagesStorage/5291017e-edb9-4489-9863-2580bebb5a0b.png,Healthcare
Professional cleaning with scaler and airflow apparatus.,New Look,80.00₾,150.00₾,-47%,Sold 0,https://swoop.ge/en/offers/506214/Professional-cleaning-with-scaler-and-airflow-apparatus/Healthcare/Dentist/,https://cdn.swoop.ge/ImagesStorage/7a730fd9-70c8-4118-8990-0e3a22b8a31d.png,Healthcare
Three-Stage Teeth Cleaning,Clinic Baimedi,80.00₾,100.00₾,-20%,Sold 0,https://swoop.ge/en/offers/499407/Three-Stage-Teeth-Cleaning/Healthcare/Dentist/,https://cdn.swoop.ge/ImagesStorage/0d83e65e-f644-4ab2-a182-2e3972f70353.png,Healthcare
Professional Teeth Cleaning and Whitening with Zoom,Clinic Baimedi,196.00₾,280.00₾,-30%,Sold 0,https://swoop.ge/en/offers/499406/Professional-Teeth-Cleaning-and-Whitening-with-Zoom/Healthcare/Dentist/,https://cdn.swoop.ge/ImagesStorage/f528f401-92db-44b9-894d-dd3f058965e2.png,Healthcare
Dental caries filling,Clinic Baimedi,45.00₾,60.00₾,-25%,Sold 0,https://swoop.ge/en/offers/499405/Dental-caries-filling/Healthcare/Dentist/,https://cdn.swoop.ge/ImagesStorage/3aa087c3-e9b0-45a6-ba34-87ff5f5f9a37.png,Healthcare
Artistic Restoration of Teeth,Clinic Baimedi,96.00₾,120.00₾,-20%,Sold 0,https://swoop.ge/en/offers/499404/Artistic-Restoration-of-Teeth/Healthcare/Dentist/,https://cdn.swoop.ge/ImagesStorage/6f0dd420-7aaa-4db1-82db-bf43ac3af62d.png,Healthcare
Research on Thyroid Diseases,Clinic Nita,75.00₾,190.00₾,-61%,Sold 37,https://swoop.ge/en/offers/235309/Research-on-Thyroid-Diseases/Healthcare/Laboratory-Diagnostic-center/,https://cdn.swoop.ge/ImagesStorage/74608492-605d-462b-ac99-36d7248f6293.png,Healthcare
Professional Teeth Cleaning,Dentarea,50.00₾,180.00₾,-72%,Sold 16,https://swoop.ge/en/offers/498220/Professional-Teeth-Cleaning-/Healthcare/Dentist/,https://cdn.swoop.ge/ImagesStorage/322df2d0-6384-4cc7-875c-6c7acfb299b3.png,Healthcare
Teeth whitening with Zoom! apparatus and caps,Dentarea,250.00₾,700.00₾,-64%,Sold 0,https://swoop.ge/en/offers/483556/Teeth-whitening-with-Zoom-apparatus-and-caps/Healthcare/Dentist/,https://cdn.swoop.ge/ImagesStorage/3da53325-1861-4c69-8e06-968aa0a8bdc8.png,Healthcare
Labiaplasty - Surgical Intervention,David Gvritishvili's clinic,1350.00₾,2500.00₾,-46%,Sold 2,https://swoop.ge/en/offers/496007/Labiaplasty---Surgical-Intervention/Esthetics/Plastic-Surgery/,https://cdn.swoop.ge/ImagesStorage/d92e6d2f-f7e7-46ae-a54f-b83fcf57d89d.jpg,Healthcare
"Removal of warts, papillomas, and growths",David Gvritishvili's clinic,25.00₾,50.00₾,-50%,Sold 34,https://swoop.ge/en/offers/495997/Removal-of-warts-papillomas-and-growths/Healthcare/Clinic/,https://cdn.swoop.ge/ImagesStorage/f93142dc-ffec-4978-a3de-f265f1725886.jpg,Healthcare
Complete Tooth Filling Package,PM Dent,90.00₾,160.00₾,-44%,Sold 79,https://swoop.ge/en/offers/487669/Complete-Tooth-Filling-Package/Healthcare/Dentist/,https://cdn.swoop.ge/ImagesStorage/a7f59815-5a78-4915-b386-950cd14cfdc2.jpg,Healthcare
Whitening and Medical Caps,Dentarea,50.00₾,100.00₾,-50%,Sold 4,https://swoop.ge/en/offers/487422/Whitening-and-Medical-Caps-/Healthcare/Dentist/,https://cdn.swoop.ge/ImagesStorage/ef81088f-58a1-4bc6-b242-1115e4d57c01.png,Healthcare
Complicated tooth extraction (removal),Gvantsa Aniashvili dental clinic,120.00₾,200.00₾,-40%,Sold 0,https://swoop.ge/en/offers/487401/Complicated-tooth-extraction-removal/Healthcare/Dentist/,https://cdn.swoop.ge/ImagesStorage/8437946a-2a34-4ae0-94cf-8ce382db46b9.jpeg,Healthcare
One session of Art Therapy,Mandala,40.00₾,50.00₾,-20%,Sold 0,https://swoop.ge/en/offers/485751/One-session-of-Art-Therapy/Healthcare/Therapy/,https://cdn.swoop.ge/ImagesStorage/b53be585-f937-4cc4-9f4a-3a83c927c83a.png,Healthcare
Dental Filling with Anesthesia,Deka Dent,50.00₾,90.00₾,-44%,Sold 53,https://swoop.ge/en/offers/397736/Dental-Filling-with-Anesthesia/Healthcare/Dentist/,https://cdn.swoop.ge/ImagesStorage/dff5ac07-5158-4150-b23e-628e043261b4.jpg,Healthcare
Orthopedic Veneers and Crowns,Dentarea,250.00₾,450.00₾,-44%,Sold 0,https://swoop.ge/en/offers/483611/Orthopedic-Veneers-and-Crowns-/Healthcare/Dentist/,https://cdn.swoop.ge/ImagesStorage/09053e1f-530d-4568-a3ed-f4b7cccf8aef.png,Healthcare
Implantation Procedure,Dentarea,500.00₾,800.00₾,-38%,Sold 0,https://swoop.ge/en/offers/483608/Implantation-Procedure-/Healthcare/Dentist/,https://cdn.swoop.ge/ImagesStorage/d5d93c2e-674e-4a89-ba01-1ee4495275e7.png,Healthcare
Zirconium Ceramic Crowns.,,270.00₾,450.00₾,-40%,Sold 0,https://swoop.ge/en/offers/482490/Zirconium-Ceramic-Crowns/Esthetics/Aesthetic-Dentistry/,https://cdn.swoop.ge/ImagesStorage/eb2bb31e-19b0-4482-b45f-d664e97f8268.jpg,Healthcare
Korean Implant,Dental Medicus,900.00₾,1200.00₾,-25%,Sold 0,https://swoop.ge/en/offers/479729/Korean-Implant/Healthcare/Dentist/,https://cdn.swoop.ge/ImagesStorage/63396eab-be00-4148-a6e2-955a50e1add7.jpg,Healthcare
Gynecological services,Clinic Nita,75.00₾,170.00₾,-56%,Sold 1,https://swoop.ge/en/offers/477645/Gynecological-services/Healthcare/Consultation/,https://cdn.swoop.ge/ImagesStorage/0df68367-8279-4504-bb8e-abf5d2e51cb0.png,Healthcare
Zirconia Ceramic Crown and Veneers,MM Clinic,230.00₾,450.00₾,-49%,Sold 0,https://swoop.ge/en/offers/466426/Zirconia-Ceramic-Crown-and-Veneers-/Healthcare/Dentist/,https://cdn.swoop.ge/ImagesStorage/a8af39ce-7fc7-492a-bddd-41b1b9b07431.png,Healthcare
5+1 Driving Lessons on the Track/Square,Driver,125.00₾,250.00₾,-50%,Sold 29,https://swoop.ge/en/offers/502840/51-Driving-Lessons-on-the-TrackSquare/Courses/Driving-School/,https://cdn.swoop.ge/ImagesStorage/6d78b8e9-dd24-44de-87df-c0e05e91b9e1.png,Courses
Driving Theory and Practical Lessons,Driving School Pormula 1,45.00₾,80.00₾,-44%,Sold 41,https://swoop.ge/en/offers/502806/Driving-Theory-and-Practical-Lessons-/AutoWorld/Driving-School/,https://cdn.swoop.ge/ImagesStorage/635408b1-6d13-4489-a92d-f1a289dd9d3a.jpg,Courses
Practical driving lesson,Practical Driving lesson,30.00₾,45.00₾,-33%,Sold 3,https://swoop.ge/en/offers/500501/Practical-driving-lesson-/Courses/Driving-School/,https://cdn.swoop.ge/ImagesStorage/5a20aa66-c92e-4f0f-afb5-0635c51f98ad.png,Courses
Learn Self-Makeup,Beauty Salon Atelier,80.00₾,100.00₾,-20%,Sold 0,https://swoop.ge/en/offers/494712/Learn-Self-Makeup/Esthetics/Makeup/,https://cdn.swoop.ge/ImagesStorage/586b5832-969c-4dd4-8472-ceb8e2a9933a.png,Courses
8-day Theoretical Driving Course.,Driving School Good Drive,50.00₾,80.00₾,-38%,Sold 124,https://swoop.ge/en/offers/492721/8-day-Theoretical-Driving-Course-/Courses/Driving-School/,https://cdn.swoop.ge/images/1efb7469-0182-48d2-aeb2-b7f73ca705da.jpg,Courses
Driving lessons in the city,Autoschool MPG,45.00₾,65.00₾,-31%,Sold 2,https://swoop.ge/en/offers/491089/Driving-lessons-in-the-city/Courses/Driving-School/,https://cdn.swoop.ge/ImagesStorage/9a7f2186-4b31-48bc-b611-0f310e27468f.png,Courses
Driving Practice Lessons,Autoschool MPG,35.00₾,50.00₾,-30%,Sold 48,https://swoop.ge/en/offers/490105/Driving-Practice-Lessons-/Courses/Driving-School/,https://cdn.swoop.ge/ImagesStorage/54ec843e-c416-4086-897b-f4cc253a7938.jpg,Courses
Practical Driving Lessons,Auto Drive Center,20.00₾,30.00₾,-33%,Sold 989,https://swoop.ge/en/offers/475454/Practical-Driving-Lessons-/Courses/Driving-School/,https://cdn.swoop.ge/ImagesStorage/667b21be-4e24-4d9a-b825-d0f634867f3b.jpg,Courses
Practical Driving Lessons,Auto Drive Center,25.00₾,35.00₾,-29%,Sold 262,https://swoop.ge/en/offers/475453/Practical-Driving-Lessons-/Courses/Driving-School/,https://cdn.swoop.ge/ImagesStorage/5c8671e8-b580-4d1c-bc26-056099841614.jpg,Courses
Driving lessons in the city and on the track.,Driver,90.00₾,150.00₾,-40%,Sold 0,https://swoop.ge/en/offers/474501/Driving-lessons-in-the-city-and-on-the-track-/Courses/Driving-School/,https://cdn.swoop.ge/ImagesStorage/5b1ca863-39dc-48dd-addc-3b963abca19a.jpg,Courses
Driving Lessons in the City with a Manual Transmission,Driver,30.00₾,60.00₾,-50%,Sold 33,https://swoop.ge/en/offers/474486/Driving-Lessons-in-the-City-with-a-Manual-Transmission-/Courses/Driving-School/,https://cdn.swoop.ge/ImagesStorage/b43bbf56-3783-4161-b49a-79fc0fce0d19.png,Courses
Theoretical Driving Course,Driving School Fast And Furious,50.00₾,70.00₾,-29%,Sold 103,https://swoop.ge/en/offers/474485/Theoretical-Driving-Course-/Courses/Driving-School/,https://cdn.swoop.ge/ImagesStorage/bcb501b3-7331-4336-811b-5eb4f5bc3825.jpg,Courses
Practical Driving Lessions in the City,Driving Practice Lessons,35.00₾,40.00₾,-13%,Sold 128,https://swoop.ge/en/offers/474454/Practical-Driving-Lessions-in-the-City/Courses/Driving-School/,https://cdn.swoop.ge/ImagesStorage/7eef74a2-8a77-4474-a4ef-20fa5952de96.jpg,Courses
City driving practice,Auto School Alpina +,25.00₾,50.00₾,-50%,Sold 146,https://swoop.ge/en/offers/474414/City-driving-practice/Courses/Driving-School/,https://cdn.swoop.ge/ImagesStorage/dacdbf45-7b1d-46ac-96be-4e410c2c275f.png,Courses
Practice Lessons for Exams,Practical Courses for Driving License,35.00₾,50.00₾,-30%,Sold 23,https://swoop.ge/en/offers/465512/Practice-Lessons-for-Exams-/Courses/Driving-School/,https://cdn.swoop.ge/ImagesStorage/0ed036b8-5f94-47f3-b1c4-f24c4339bc97.png,Courses
Driving License Practice Course,Driving Practice Lessons,35.00₾,50.00₾,-30%,Sold 76,https://swoop.ge/en/offers/408868/Driving-License-Practice-Course-/Courses/Driving-School/,https://cdn.swoop.ge/ImagesStorage/cd8655e7-d250-4289-83b8-b3841523f685.jpg,Courses
Individual and group theoretical driving license courses.,"Driving School ""Star Drive""",45.00₾,60.00₾,-25%,Sold 14,https://swoop.ge/en/offers/385951/Individual-and-group-theoretical-driving-license-courses-/Courses/Driving-School/,https://cdn.swoop.ge/ImagesStorage/8aae8121-d141-4efd-a43d-e7f938c27961.jpg,Courses
Cat Sterilization - Castration,Zoofamily,70.00₾,100.00₾,-30%,Sold 4,https://swoop.ge/en/offers/489350/Cat-Sterilization---Castration/Pets/Pet-care/,https://cdn.swoop.ge/ImagesStorage/f77e6017-c2e4-48d5-8404-3938a183b550.png,Pets
Dental care for dogs and cats,Zoofamily,99.00₾,150.00₾,-34%,Sold 0,https://swoop.ge/en/offers/489351/Dental-care-for-dogs-and-cats/Pets/Pet-care/,https://cdn.swoop.ge/ImagesStorage/18844e2e-8087-40c7-bb22-59ad2bb04b1c.png,Pets
Hygiene Grooming,GROOMER,40.00₾,50.00₾,-20%,Sold 0,https://swoop.ge/en/offers/486660/Hygiene-Grooming/Pets/Pet-care/,https://cdn.swoop.ge/ImagesStorage/5a5ff990-ebef-4300-8541-26f12d386aa6.png,Pets
Grooming for Dogs and Cats,Groom-Groom,42.00₾,60.00₾,-30%,Sold 5,https://swoop.ge/en/offers/486656/Grooming-for-Dogs-and-Cats/Pets/Pet-care/,https://cdn.swoop.ge/ImagesStorage/1a4076ce-a884-4402-9ac7-ea7188d4b469.png,Pets
Therapeutic services,Zoofamily,21.00₾,30.00₾,-30%,Sold 5,https://swoop.ge/en/offers/486622/Therapeutic-services/Pets/Pet-care/,https://cdn.swoop.ge/ImagesStorage/4a0f23b4-219d-485e-90aa-c0a978a30171.png,Pets
Cat Hotel,Zoofamily,18.00₾,25.00₾,-28%,Sold 0,https://swoop.ge/en/offers/486593/Cat-Hotel/Pets/Pet-care/,https://cdn.swoop.ge/ImagesStorage/af051428-10f6-4e8c-941a-f4cff3abe367.png,Pets
Grooming,Zoofamily,56.00₾,70.00₾,-20%,Sold 0,https://swoop.ge/en/offers/486592/Grooming/Pets/Pet-care/,https://cdn.swoop.ge/ImagesStorage/0d559dab-1d36-4259-b8b3-5bc0374ecd1d.png,Pets
